GAMEWEEK,HOME_CODE,HOME_TEAM,DATE,TIME,AWAY_CODE,AWAY_TEAM,LOCATION,HASHTAG,TVSHEDULE,TICKETS,MATCHCENTRE,HOME_TICKETS,HOME_SHOP,HOME_TWITTER,AWAY_TICKETS,AWAY_SHOP,AWAY_TWITTER
1,LIV,Liverpool,09-08-19,20:00:00,NOR,Norwich City,"Anfield, Liverpool",#LIVNOR,,,,,,,,,
1,BOU,AFC Bournemouth,10-08-19,15:00:00,SUN,Sheffield United,"Vitality Stadium, Bournemouth",#BOUSUN,,,,,,,,,
1,BUR,Burnley,10-08-19,15:00:00,SOU,Southampton,"Turf Moor, Burnley",#BURSOU,,,,,,,,,
1,CRY,Crystal Palace,10-08-19,15:00:00,EVE,Everton,"Selhurst Park, London",#CRYEVE,,,,,,,,,
1,LEI,Leicester City,10-08-19,15:00:00,WOL,Wolverhampton Wanderers,"King Power Stadium, Leicester",#LEIWOL,,,,,,,,,
1,TOT,Tottenham Hotspur,10-08-19,17:30:00,VIL,Aston Villa,"Tottenham Hotspur Stadium, London",#TOTVIL,,,,,,,,,
1,WAT,Watford,10-08-19,15:00:00,BHA,Brighton and Hove Albion,"Vicarage Road, Watford",#WATBHA,,,,,,,,,
1,WHU,West Ham United,10-08-19,12:30:00,MCI,Manchester City,"London Stadium, London",#WHUMCI,,,,,,,,,
1,MUN,Manchester United,11-08-19,16:30:00,CHE,Chelsea,"Old Trafford, Manchester",#MUNCHE,,,,,,,,,
1,NEW,Newcastle United,11-08-19,14:00:00,ARS,Arsenal,"St. James' Park, Newcastle",#NEWARS,,,,,,,,,
2,ARS,Arsenal,17-08-19,15:00:00,BUR,Burnley,"Emirates Stadium, London",#ARSBUR,,,,,,,,,
2,VIL,Aston Villa,17-08-19,15:00:00,BOU,AFC Bournemouth,"Villa Park, Birmingham",#VILBOU,,,,,,,,,
2,BHA,Brighton and Hove Albion,17-08-19,15:00:00,WHU,West Ham United,"Amex Stadium, Falmer",#BHAWHU,,,,,,,,,
2,CHE,Chelsea,17-08-19,15:00:00,LEI,Leicester City,"Stamford Bridge, London",#CHELEI,,,,,,,,,
2,EVE,Everton,17-08-19,15:00:00,WAT,Watford,"Goodison Park, Liverpool",#EVEWAT,,,,,,,,,
2,MCI,Manchester City,17-08-19,15:00:00,TOT,Tottenham Hotspur,"Etihad Stadium, Manchester",#MCITOT,,,,,,,,,
2,NOR,Norwich City,17-08-19,15:00:00,NEW,Newcastle United,"Carrow Road, Norwich",#NORNEW,,,,,,,,,
2,SUN,Sheffield United,17-08-19,15:00:00,CRY,Crystal Palace,"Bramall Lane, Sheffield",#SUNCRY,,,,,,,,,
2,SOU,Southampton,17-08-19,15:00:00,LIV,Liverpool,"St. Mary's Stadium, Southampton",#SOULIV,,,,,,,,,
2,WOL,Wolverhampton Wanderers,17-08-19,15:00:00,MUN,Manchester United,"Molineux Stadium, Wolverhampton",#WOLMUN,,,,,,,,,
3,VIL,Aston Villa,24-08-19,15:00:00,EVE,Everton,"Villa Park, Birmingham",#VILEVE,,,,,,,,,
3,BOU,AFC Bournemouth,24-08-19,15:00:00,MCI,Manchester City,"Vitality Stadium, Bournemouth",#BOUMCI,,,,,,,,,
3,BHA,Brighton and Hove Albion,24-08-19,15:00:00,SOU,Southampton,"Amex Stadium, Falmer",#BHASOU,,,,,,,,,
3,LIV,Liverpool,24-08-19,15:00:00,ARS,Arsenal,"Anfield, Liverpool",#LIVARS,,,,,,,,,
3,MUN,Manchester United,24-08-19,15:00:00,CRY,Crystal Palace,"Old Trafford, Manchester",#MUNCRY,,,,,,,,,
3,NOR,Norwich City,24-08-19,15:00:00,CHE,Chelsea,"Carrow Road, Norwich",#NORCHE,,,,,,,,,
3,SUN,Sheffield United,24-08-19,15:00:00,LEI,Leicester City,"Bramall Lane, Sheffield",#SUNLEI,,,,,,,,,
3,TOT,Tottenham Hotspur,24-08-19,15:00:00,NEW,Newcastle United,"Tottenham Hotspur Stadium, London",#TOTNEW,,,,,,,,,
3,WAT,Watford,24-08-19,15:00:00,WHU,West Ham United,"Vicarage Road, Watford",#WATWHU,,,,,,,,,
3,WOL,Wolverhampton Wanderers,24-08-19,15:00:00,BUR,Burnley,"Molineux Stadium, Wolverhampton",#WOLBUR,,,,,,,,,
4,ARS,Arsenal,31-08-19,15:00:00,TOT,Tottenham Hotspur,"Emirates Stadium, London",#ARSTOT,,,,,,,,,
4,BUR,Burnley,31-08-19,15:00:00,LIV,Liverpool,"Turf Moor, Burnley",#BURLIV,,,,,,,,,
4,CHE,Chelsea,31-08-19,15:00:00,SUN,Sheffield United,"Stamford Bridge, London",#CHESUN,,,,,,,,,
4,CRY,Crystal Palace,31-08-19,15:00:00,VIL,Aston Villa,"Selhurst Park, London",#CRYVIL,,,,,,,,,
4,EVE,Everton,31-08-19,15:00:00,WOL,Wolverhampton Wanderers,"Goodison Park, Liverpool",#EVEWOL,,,,,,,,,
4,LEI,Leicester City,31-08-19,15:00:00,BOU,AFC Bournemouth,"King Power Stadium, Leicester",#LEIBOU,,,,,,,,,
4,MCI,Manchester City,31-08-19,15:00:00,BHA,Brighton and Hove Albion,"Etihad Stadium, Manchester",#MCIBHA,,,,,,,,,
4,NEW,Newcastle United,31-08-19,15:00:00,WAT,Watford,"St. James' Park, Newcastle",#NEWWAT,,,,,,,,,
4,SOU,Southampton,31-08-19,15:00:00,MUN,Manchester United,"St. Mary's Stadium, Southampton",#SOUMUN,,,,,,,,,
4,WHU,West Ham United,31-08-19,15:00:00,NOR,Norwich City,"London Stadium, London",#WHUNOR,,,,,,,,,
5,VIL,Aston Villa,14-09-19,15:00:00,WHU,West Ham United,"Villa Park, Birmingham",#VILWHU,,,,,,,,,
5,BOU,AFC Bournemouth,14-09-19,15:00:00,EVE,Everton,"Vitality Stadium, Bournemouth",#BOUEVE,,,,,,,,,
5,BHA,Brighton and Hove Albion,14-09-19,15:00:00,BUR,Burnley,"Amex Stadium, Falmer",#BHABUR,,,,,,,,,
5,LIV,Liverpool,14-09-19,15:00:00,NEW,Newcastle United,"Anfield, Liverpool",#LIVNEW,,,,,,,,,
5,MUN,Manchester United,14-09-19,15:00:00,LEI,Leicester City,"Old Trafford, Manchester",#MUNLEI,,,,,,,,,
5,NOR,Norwich City,14-09-19,15:00:00,MCI,Manchester City,"Carrow Road, Norwich",#NORMCI,,,,,,,,,
5,SUN,Sheffield United,14-09-19,15:00:00,SOU,Southampton,"Bramall Lane, Sheffield",#SUNSOU,,,,,,,,,
5,TOT,Tottenham Hotspur,14-09-19,15:00:00,CRY,Crystal Palace,"Tottenham Hotspur Stadium, London",#TOTCRY,,,,,,,,,
5,WAT,Watford,14-09-19,15:00:00,ARS,Arsenal,"Vicarage Road, Watford",#WATARS,,,,,,,,,
5,WOL,Wolverhampton Wanderers,14-09-19,15:00:00,CHE,Chelsea,"Molineux Stadium, Wolverhampton",#WOLCHE,,,,,,,,,
6,ARS,Arsenal,21-09-19,15:00:00,VIL,Aston Villa,"Emirates Stadium, London",#ARSVIL,,,,,,,,,
6,BUR,Burnley,21-09-19,15:00:00,NOR,Norwich City,"Turf Moor, Burnley",#BURNOR,,,,,,,,,
6,CHE,Chelsea,21-09-19,15:00:00,LIV,Liverpool,"Stamford Bridge, London",#CHELIV,,,,,,,,,
6,CRY,Crystal Palace,21-09-19,15:00:00,WOL,Wolverhampton Wanderers,"Selhurst Park, London",#CRYWOL,,,,,,,,,
6,EVE,Everton,21-09-19,15:00:00,SUN,Sheffield United,"Goodison Park, Liverpool",#EVESUN,,,,,,,,,
6,LEI,Leicester City,21-09-19,15:00:00,TOT,Tottenham Hotspur,"King Power Stadium, Leicester",#LEITOT,,,,,,,,,
6,MCI,Manchester City,21-09-19,15:00:00,WAT,Watford,"Etihad Stadium, Manchester",#MCIWAT,,,,,,,,,
6,NEW,Newcastle United,21-09-19,15:00:00,BHA,Brighton and Hove Albion,"St. James' Park, Newcastle",#NEWBHA,,,,,,,,,
6,SOU,Southampton,21-09-19,15:00:00,BOU,AFC Bournemouth,"St. Mary's Stadium, Southampton",#SOUBOU,,,,,,,,,
6,WHU,West Ham United,21-09-19,15:00:00,MUN,Manchester United,"London Stadium, London",#WHUMUN,,,,,,,,,
7,VIL,Aston Villa,28-09-19,15:00:00,BUR,Burnley,"Villa Park, Birmingham",#VILBUR,,,,,,,,,
7,BOU,AFC Bournemouth,28-09-19,15:00:00,WHU,West Ham United,"Vitality Stadium, Bournemouth",#BOUWHU,,,,,,,,,
7,CHE,Chelsea,28-09-19,15:00:00,BHA,Brighton and Hove Albion,"Stamford Bridge, London",#CHEBHA,,,,,,,,,
7,CRY,Crystal Palace,28-09-19,15:00:00,NOR,Norwich City,"Selhurst Park, London",#CRYNOR,,,,,,,,,
7,EVE,Everton,28-09-19,15:00:00,MCI,Manchester City,"Goodison Park, Liverpool",#EVEMCI,,,,,,,,,
7,LEI,Leicester City,28-09-19,15:00:00,NEW,Newcastle United,"King Power Stadium, Leicester",#LEINEW,,,,,,,,,
7,MUN,Manchester United,28-09-19,15:00:00,ARS,Arsenal,"Old Trafford, Manchester",#MUNARS,,,,,,,,,
7,SUN,Sheffield United,28-09-19,15:00:00,LIV,Liverpool,"Bramall Lane, Sheffield",#SUNLIV,,,,,,,,,
7,TOT,Tottenham Hotspur,28-09-19,15:00:00,SOU,Southampton,"Tottenham Hotspur Stadium, London",#TOTSOU,,,,,,,,,
7,WOL,Wolverhampton Wanderers,28-09-19,15:00:00,WAT,Watford,"Molineux Stadium, Wolverhampton",#WOLWAT,,,,,,,,,
8,ARS,Arsenal,05-10-19,15:00:00,BOU,AFC Bournemouth,"Emirates Stadium, London",#ARSBOU,,,,,,,,,
8,BHA,Brighton and Hove Albion,05-10-19,15:00:00,TOT,Tottenham Hotspur,"Amex Stadium, Falmer",#BHATOT,,,,,,,,,
8,BUR,Burnley,05-10-19,15:00:00,EVE,Everton,"Turf Moor, Burnley",#BUREVE,,,,,,,,,
8,LIV,Liverpool,05-10-19,15:00:00,LEI,Leicester City,"Anfield, Liverpool",#LIVLEI,,,,,,,,,
8,MCI,Manchester City,05-10-19,15:00:00,WOL,Wolverhampton Wanderers,"Etihad Stadium, Manchester",#MCIWOL,,,,,,,,,
8,NEW,Newcastle United,05-10-19,15:00:00,MUN,Manchester United,"St. James' Park, Newcastle",#NEWMUN,,,,,,,,,
8,NOR,Norwich City,05-10-19,15:00:00,VIL,Aston Villa,"Carrow Road, Norwich",#NORVIL,,,,,,,,,
8,SOU,Southampton,05-10-19,15:00:00,CHE,Chelsea,"St. Mary's Stadium, Southampton",#SOUCHE,,,,,,,,,
8,WAT,Watford,05-10-19,15:00:00,SUN,Sheffield United,"Vicarage Road, Watford",#WATSUN,,,,,,,,,
8,WHU,West Ham United,05-10-19,15:00:00,CRY,Crystal Palace,"London Stadium, London",#WHUCRY,,,,,,,,,
9,VIL,Aston Villa,19-10-19,15:00:00,BHA,Brighton and Hove Albion,"Villa Park, Birmingham",#VILBHA,,,,,,,,,
9,BOU,AFC Bournemouth,19-10-19,15:00:00,NOR,Norwich City,"Vitality Stadium, Bournemouth",#BOUNOR,,,,,,,,,
9,CHE,Chelsea,19-10-19,15:00:00,NEW,Newcastle United,"Stamford Bridge, London",#CHENEW,,,,,,,,,
9,CRY,Crystal Palace,19-10-19,15:00:00,MCI,Manchester City,"Selhurst Park, London",#CRYMCI,,,,,,,,,
9,EVE,Everton,19-10-19,15:00:00,WHU,West Ham United,"Goodison Park, Liverpool",#EVEWHU,,,,,,,,,
9,LEI,Leicester City,19-10-19,15:00:00,BUR,Burnley,"King Power Stadium, Leicester",#LEIBUR,,,,,,,,,
9,MUN,Manchester United,19-10-19,15:00:00,LIV,Liverpool,"Old Trafford, Manchester",#MUNLIV,,,,,,,,,
9,SUN,Sheffield United,19-10-19,15:00:00,ARS,Arsenal,"Bramall Lane, Sheffield",#SUNARS,,,,,,,,,
9,TOT,Tottenham Hotspur,19-10-19,15:00:00,WAT,Watford,"Tottenham Hotspur Stadium, London",#TOTWAT,,,,,,,,,
9,WOL,Wolverhampton Wanderers,19-10-19,15:00:00,SOU,Southampton,"Molineux Stadium, Wolverhampton",#WOLSOU,,,,,,,,,
10,ARS,Arsenal,26-10-19,15:00:00,CRY,Crystal Palace,"Emirates Stadium, London",#ARSCRY,,,,,,,,,
10,BHA,Brighton and Hove Albion,26-10-19,15:00:00,EVE,Everton,"Amex Stadium, Falmer",#BHAEVE,,,,,,,,,
10,BUR,Burnley,26-10-19,15:00:00,CHE,Chelsea,"Turf Moor, Burnley",#BURCHE,,,,,,,,,
10,LIV,Liverpool,26-10-19,15:00:00,TOT,Tottenham Hotspur,"Anfield, Liverpool",#LIVTOT,,,,,,,,,
10,MCI,Manchester City,26-10-19,15:00:00,VIL,Aston Villa,"Etihad Stadium, Manchester",#MCIVIL,,,,,,,,,
10,NEW,Newcastle United,26-10-19,15:00:00,WOL,Wolverhampton Wanderers,"St. James' Park, Newcastle",#NEWWOL,,,,,,,,,
10,NOR,Norwich City,26-10-19,15:00:00,MUN,Manchester United,"Carrow Road, Norwich",#NORMUN,,,,,,,,,
10,SOU,Southampton,26-10-19,15:00:00,LEI,Leicester City,"St. Mary's Stadium, Southampton",#SOULEI,,,,,,,,,
10,WAT,Watford,26-10-19,15:00:00,BOU,AFC Bournemouth,"Vicarage Road, Watford",#WATBOU,,,,,,,,,
10,WHU,West Ham United,26-10-19,15:00:00,SUN,Sheffield United,"London Stadium, London",#WHUSUN,,,,,,,,,
11,ARS,Arsenal,02-11-19,14:00:00,WOL,Wolverhampton Wanderers,"Emirates Stadium, London",#ARSWOL,,,,,,,,,
11,VIL,Aston Villa,02-11-19,14:00:00,LIV,Liverpool,"Villa Park, Birmingham",#VILLIV,,,,,,,,,
11,BOU,AFC Bournemouth,02-11-19,14:00:00,MUN,Manchester United,"Vitality Stadium, Bournemouth",#BOUMUN,,,,,,,,,
11,BHA,Brighton and Hove Albion,02-11-19,14:00:00,NOR,Norwich City,"Amex Stadium, Falmer",#BHANOR,,,,,,,,,
11,CRY,Crystal Palace,02-11-19,14:00:00,LEI,Leicester City,"Selhurst Park, London",#CRYLEI,,,,,,,,,
11,EVE,Everton,02-11-19,14:00:00,TOT,Tottenham Hotspur,"Goodison Park, Liverpool",#EVETOT,,,,,,,,,
11,MCI,Manchester City,02-11-19,14:00:00,SOU,Southampton,"Etihad Stadium, Manchester",#MCISOU,,,,,,,,,
11,SUN,Sheffield United,02-11-19,14:00:00,BUR,Burnley,"Bramall Lane, Sheffield",#SUNBUR,,,,,,,,,
11,WAT,Watford,02-11-19,14:00:00,CHE,Chelsea,"Vicarage Road, Watford",#WATCHE,,,,,,,,,
11,WHU,West Ham United,02-11-19,14:00:00,NEW,Newcastle United,"London Stadium, London",#WHUNEW,,,,,,,,,
12,BUR,Burnley,09-11-19,14:00:00,WHU,West Ham United,"Turf Moor, Burnley",#BURWHU,,,,,,,,,
12,CHE,Chelsea,09-11-19,14:00:00,CRY,Crystal Palace,"Stamford Bridge, London",#CHECRY,,,,,,,,,
12,LEI,Leicester City,09-11-19,14:00:00,ARS,Arsenal,"King Power Stadium, Leicester",#LEIARS,,,,,,,,,
12,LIV,Liverpool,09-11-19,14:00:00,MCI,Manchester City,"Anfield, Liverpool",#LIVMCI,,,,,,,,,
12,MUN,Manchester United,09-11-19,14:00:00,BHA,Brighton and Hove Albion,"Old Trafford, Manchester",#MUNBHA,,,,,,,,,
12,NEW,Newcastle United,09-11-19,14:00:00,BOU,AFC Bournemouth,"St. James' Park, Newcastle",#NEWBOU,,,,,,,,,
12,NOR,Norwich City,09-11-19,14:00:00,WAT,Watford,"Carrow Road, Norwich",#NORWAT,,,,,,,,,
12,SOU,Southampton,09-11-19,14:00:00,EVE,Everton,"St. Mary's Stadium, Southampton",#SOUEVE,,,,,,,,,
12,TOT,Tottenham Hotspur,09-11-19,14:00:00,SUN,Sheffield United,"Tottenham Hotspur Stadium, London",#TOTSUN,,,,,,,,,
12,WOL,Wolverhampton Wanderers,09-11-19,14:00:00,VIL,Aston Villa,"Molineux Stadium, Wolverhampton",#WOLVIL,,,,,,,,,
13,ARS,Arsenal,23-11-19,14:00:00,SOU,Southampton,"Emirates Stadium, London",#ARSSOU,,,,,,,,,
13,VIL,Aston Villa,23-11-19,14:00:00,NEW,Newcastle United,"Villa Park, Birmingham",#VILNEW,,,,,,,,,
13,BOU,AFC Bournemouth,23-11-19,14:00:00,WOL,Wolverhampton Wanderers,"Vitality Stadium, Bournemouth",#BOUWOL,,,,,,,,,
13,BHA,Brighton and Hove Albion,23-11-19,14:00:00,LEI,Leicester City,"Amex Stadium, Falmer",#BHALEI,,,,,,,,,
13,CRY,Crystal Palace,23-11-19,14:00:00,LIV,Liverpool,"Selhurst Park, London",#CRYLIV,,,,,,,,,
13,EVE,Everton,23-11-19,14:00:00,NOR,Norwich City,"Goodison Park, Liverpool",#EVENOR,,,,,,,,,
13,MCI,Manchester City,23-11-19,14:00:00,CHE,Chelsea,"Etihad Stadium, Manchester",#MCICHE,,,,,,,,,
13,SUN,Sheffield United,23-11-19,14:00:00,MUN,Manchester United,"Bramall Lane, Sheffield",#SUNMUN,,,,,,,,,
13,WAT,Watford,23-11-19,14:00:00,BUR,Burnley,"Vicarage Road, Watford",#WATBUR,,,,,,,,,
13,WHU,West Ham United,23-11-19,14:00:00,TOT,Tottenham Hotspur,"London Stadium, London",#WHUTOT,,,,,,,,,
14,BUR,Burnley,30-11-19,14:00:00,CRY,Crystal Palace,"Turf Moor, Burnley",#BURCRY,,,,,,,,,
14,CHE,Chelsea,30-11-19,14:00:00,WHU,West Ham United,"Stamford Bridge, London",#CHEWHU,,,,,,,,,
14,LEI,Leicester City,30-11-19,14:00:00,EVE,Everton,"King Power Stadium, Leicester",#LEIEVE,,,,,,,,,
14,LIV,Liverpool,30-11-19,14:00:00,BHA,Brighton and Hove Albion,"Anfield, Liverpool",#LIVBHA,,,,,,,,,
14,MUN,Manchester United,30-11-19,14:00:00,VIL,Aston Villa,"Old Trafford, Manchester",#MUNVIL,,,,,,,,,
14,NEW,Newcastle United,30-11-19,14:00:00,MCI,Manchester City,"St. James' Park, Newcastle",#NEWMCI,,,,,,,,,
14,NOR,Norwich City,30-11-19,14:00:00,ARS,Arsenal,"Carrow Road, Norwich",#NORARS,,,,,,,,,
14,SOU,Southampton,30-11-19,14:00:00,WAT,Watford,"St. Mary's Stadium, Southampton",#SOUWAT,,,,,,,,,
14,TOT,Tottenham Hotspur,30-11-19,14:00:00,BOU,AFC Bournemouth,"Tottenham Hotspur Stadium, London",#TOTBOU,,,,,,,,,
14,WOL,Wolverhampton Wanderers,30-11-19,14:00:00,SUN,Sheffield United,"Molineux Stadium, Wolverhampton",#WOLSUN,,,,,,,,,
15,ARS,Arsenal,03-12-19,18:45:00,BHA,Brighton and Hove Albion,"Emirates Stadium, London",#ARSBHA,,,,,,,,,
15,BUR,Burnley,03-12-19,18:45:00,MCI,Manchester City,"Turf Moor, Burnley",#BURMCI,,,,,,,,,
15,LEI,Leicester City,03-12-19,18:45:00,WAT,Watford,"King Power Stadium, Leicester",#LEIWAT,,,,,,,,,
15,MUN,Manchester United,03-12-19,19:00:00,TOT,Tottenham Hotspur,"Old Trafford, Manchester",#MUNTOT,,,,,,,,,
15,SUN,Sheffield United,03-12-19,18:45:00,NEW,Newcastle United,"Bramall Lane, Sheffield",#SUNNEW,,,,,,,,,
15,WOL,Wolverhampton Wanderers,03-12-19,18:45:00,WHU,West Ham United,"Molineux Stadium, Wolverhampton",#WOLWHU,,,,,,,,,
15,CHE,Chelsea,04-12-19,18:45:00,VIL,Aston Villa,"Stamford Bridge, London",#CHEVIL,,,,,,,,,
15,CRY,Crystal Palace,04-12-19,19:00:00,BOU,AFC Bournemouth,"Selhurst Park, London",#CRYBOU,,,,,,,,,
15,LIV,Liverpool,04-12-19,19:00:00,EVE,Everton,"Anfield, Liverpool",#LIVEVE,,,,,,,,,
15,SOU,Southampton,04-12-19,18:45:00,NOR,Norwich City,"St. Mary's Stadium, Southampton",#SOUNOR,,,,,,,,,
16,VIL,Aston Villa,07-12-19,14:00:00,LEI,Leicester City,"Villa Park, Birmingham",#VILLEI,,,,,,,,,
16,BOU,AFC Bournemouth,07-12-19,14:00:00,LIV,Liverpool,"Vitality Stadium, Bournemouth",#BOULIV,,,,,,,,,
16,BHA,Brighton and Hove Albion,07-12-19,14:00:00,WOL,Wolverhampton Wanderers,"Amex Stadium, Falmer",#BHAWOL,,,,,,,,,
16,EVE,Everton,07-12-19,14:00:00,CHE,Chelsea,"Goodison Park, Liverpool",#EVECHE,,,,,,,,,
16,MCI,Manchester City,07-12-19,14:00:00,MUN,Manchester United,"Etihad Stadium, Manchester",#MCIMUN,,,,,,,,,
16,NEW,Newcastle United,07-12-19,14:00:00,SOU,Southampton,"St. James' Park, Newcastle",#NEWSOU,,,,,,,,,
16,NOR,Norwich City,07-12-19,14:00:00,SUN,Sheffield United,"Carrow Road, Norwich",#NORSUN,,,,,,,,,
16,TOT,Tottenham Hotspur,07-12-19,14:00:00,BUR,Burnley,"Tottenham Hotspur Stadium, London",#TOTBUR,,,,,,,,,
16,WAT,Watford,07-12-19,14:00:00,CRY,Crystal Palace,"Vicarage Road, Watford",#WATCRY,,,,,,,,,
16,WHU,West Ham United,07-12-19,14:00:00,ARS,Arsenal,"London Stadium, London",#WHUARS,,,,,,,,,
17,ARS,Arsenal,14-12-19,14:00:00,MCI,Manchester City,"Emirates Stadium, London",#ARSMCI,,,,,,,,,
17,BUR,Burnley,14-12-19,14:00:00,NEW,Newcastle United,"Turf Moor, Burnley",#BURNEW,,,,,,,,,
17,CHE,Chelsea,14-12-19,14:00:00,BOU,AFC Bournemouth,"Stamford Bridge, London",#CHEBOU,,,,,,,,,
17,CRY,Crystal Palace,14-12-19,14:00:00,BHA,Brighton and Hove Albion,"Selhurst Park, London",#CRYBHA,,,,,,,,,
17,LEI,Leicester City,14-12-19,14:00:00,NOR,Norwich City,"King Power Stadium, Leicester",#LEINOR,,,,,,,,,
17,LIV,Liverpool,14-12-19,14:00:00,WAT,Watford,"Anfield, Liverpool",#LIVWAT,,,,,,,,,
17,MUN,Manchester United,14-12-19,14:00:00,EVE,Everton,"Old Trafford, Manchester",#MUNEVE,,,,,,,,,
17,SUN,Sheffield United,14-12-19,14:00:00,VIL,Aston Villa,"Bramall Lane, Sheffield",#SUNVIL,,,,,,,,,
17,SOU,Southampton,14-12-19,14:00:00,WHU,West Ham United,"St. Mary's Stadium, Southampton",#SOUWHU,,,,,,,,,
17,WOL,Wolverhampton Wanderers,14-12-19,14:00:00,TOT,Tottenham Hotspur,"Molineux Stadium, Wolverhampton",#WOLTOT,,,,,,,,,
18,VIL,Aston Villa,21-12-19,14:00:00,SOU,Southampton,"Villa Park, Birmingham",#VILSOU,,,,,,,,,
18,BOU,AFC Bournemouth,21-12-19,14:00:00,BUR,Burnley,"Vitality Stadium, Bournemouth",#BOUBUR,,,,,,,,,
18,BHA,Brighton and Hove Albion,21-12-19,14:00:00,SUN,Sheffield United,"Amex Stadium, Falmer",#BHASUN,,,,,,,,,
18,EVE,Everton,21-12-19,14:00:00,ARS,Arsenal,"Goodison Park, Liverpool",#EVEARS,,,,,,,,,
18,MCI,Manchester City,21-12-19,14:00:00,LEI,Leicester City,"Etihad Stadium, Manchester",#MCILEI,,,,,,,,,
18,NEW,Newcastle United,21-12-19,14:00:00,CRY,Crystal Palace,"St. James' Park, Newcastle",#NEWCRY,,,,,,,,,
18,NOR,Norwich City,21-12-19,14:00:00,WOL,Wolverhampton Wanderers,"Carrow Road, Norwich",#NORWOL,,,,,,,,,
18,TOT,Tottenham Hotspur,21-12-19,14:00:00,CHE,Chelsea,"Tottenham Hotspur Stadium, London",#TOTCHE,,,,,,,,,
18,WAT,Watford,21-12-19,14:00:00,MUN,Manchester United,"Vicarage Road, Watford",#WATMUN,,,,,,,,,
18,WHU,West Ham United,21-12-19,14:00:00,LIV,Liverpool,"London Stadium, London",#WHULIV,,,,,,,,,
19,VIL,Aston Villa,26-12-19,14:00:00,NOR,Norwich City,"Villa Park, Birmingham",#VILNOR,,,,,,,,,
19,BOU,AFC Bournemouth,26-12-19,14:00:00,ARS,Arsenal,"Vitality Stadium, Bournemouth",#BOUARS,,,,,,,,,
19,CHE,Chelsea,26-12-19,14:00:00,SOU,Southampton,"Stamford Bridge, London",#CHESOU,,,,,,,,,
19,CRY,Crystal Palace,26-12-19,14:00:00,WHU,West Ham United,"Selhurst Park, London",#CRYWHU,,,,,,,,,
19,EVE,Everton,26-12-19,14:00:00,BUR,Burnley,"Goodison Park, Liverpool",#EVEBUR,,,,,,,,,
19,LEI,Leicester City,26-12-19,14:00:00,LIV,Liverpool,"King Power Stadium, Leicester",#LEILIV,,,,,,,,,
19,MUN,Manchester United,26-12-19,14:00:00,NEW,Newcastle United,"Old Trafford, Manchester",#MUNNEW,,,,,,,,,
19,SUN,Sheffield United,26-12-19,14:00:00,WAT,Watford,"Bramall Lane, Sheffield",#SUNWAT,,,,,,,,,
19,TOT,Tottenham Hotspur,26-12-19,14:00:00,BHA,Brighton and Hove Albion,"Tottenham Hotspur Stadium, London",#TOTBHA,,,,,,,,,
19,WOL,Wolverhampton Wanderers,26-12-19,14:00:00,MCI,Manchester City,"Molineux Stadium, Wolverhampton",#WOLMCI,,,,,,,,,
20,ARS,Arsenal,28-12-19,14:00:00,CHE,Chelsea,"Emirates Stadium, London",#ARSCHE,,,,,,,,,
20,BHA,Brighton and Hove Albion,28-12-19,14:00:00,BOU,AFC Bournemouth,"Amex Stadium, Falmer",#BHABOU,,,,,,,,,
20,BUR,Burnley,28-12-19,14:00:00,MUN,Manchester United,"Turf Moor, Burnley",#BURMUN,,,,,,,,,
20,LIV,Liverpool,28-12-19,14:00:00,WOL,Wolverhampton Wanderers,"Anfield, Liverpool",#LIVWOL,,,,,,,,,
20,MCI,Manchester City,28-12-19,14:00:00,SUN,Sheffield United,"Etihad Stadium, Manchester",#MCISUN,,,,,,,,,
20,NEW,Newcastle United,28-12-19,14:00:00,EVE,Everton,"St. James' Park, Newcastle",#NEWEVE,,,,,,,,,
20,NOR,Norwich City,28-12-19,14:00:00,TOT,Tottenham Hotspur,"Carrow Road, Norwich",#NORTOT,,,,,,,,,
20,SOU,Southampton,28-12-19,14:00:00,CRY,Crystal Palace,"St. Mary's Stadium, Southampton",#SOUCRY,,,,,,,,,
20,WAT,Watford,28-12-19,14:00:00,VIL,Aston Villa,"Vicarage Road, Watford",#WATVIL,,,,,,,,,
20,WHU,West Ham United,28-12-19,14:00:00,LEI,Leicester City,"London Stadium, London",#WHULEI,,,,,,,,,
21,ARS,Arsenal,01-01-20,14:00:00,MUN,Manchester United,"Emirates Stadium, London",#ARSMUN,,,,,,,,,
21,BHA,Brighton and Hove Albion,01-01-20,14:00:00,CHE,Chelsea,"Amex Stadium, Falmer",#BHACHE,,,,,,,,,
21,BUR,Burnley,01-01-20,14:00:00,VIL,Aston Villa,"Turf Moor, Burnley",#BURVIL,,,,,,,,,
21,LIV,Liverpool,01-01-20,14:00:00,SUN,Sheffield United,"Anfield, Liverpool",#LIVSUN,,,,,,,,,
21,MCI,Manchester City,01-01-20,14:00:00,EVE,Everton,"Etihad Stadium, Manchester",#MCIEVE,,,,,,,,,
21,NEW,Newcastle United,01-01-20,14:00:00,LEI,Leicester City,"St. James' Park, Newcastle",#NEWLEI,,,,,,,,,
21,NOR,Norwich City,01-01-20,14:00:00,CRY,Crystal Palace,"Carrow Road, Norwich",#NORCRY,,,,,,,,,
21,SOU,Southampton,01-01-20,14:00:00,TOT,Tottenham Hotspur,"St. Mary's Stadium, Southampton",#SOUTOT,,,,,,,,,
21,WAT,Watford,01-01-20,14:00:00,WOL,Wolverhampton Wanderers,"Vicarage Road, Watford",#WATWOL,,,,,,,,,
21,WHU,West Ham United,01-01-20,14:00:00,BOU,AFC Bournemouth,"London Stadium, London",#WHUBOU,,,,,,,,,
22,VIL,Aston Villa,11-01-20,14:00:00,MCI,Manchester City,"Villa Park, Birmingham",#VILMCI,,,,,,,,,
22,BOU,AFC Bournemouth,11-01-20,14:00:00,WAT,Watford,"Vitality Stadium, Bournemouth",#BOUWAT,,,,,,,,,
22,CHE,Chelsea,11-01-20,14:00:00,BUR,Burnley,"Stamford Bridge, London",#CHEBUR,,,,,,,,,
22,CRY,Crystal Palace,11-01-20,14:00:00,ARS,Arsenal,"Selhurst Park, London",#CRYARS,,,,,,,,,
22,EVE,Everton,11-01-20,14:00:00,BHA,Brighton and Hove Albion,"Goodison Park, Liverpool",#EVEBHA,,,,,,,,,
22,LEI,Leicester City,11-01-20,14:00:00,SOU,Southampton,"King Power Stadium, Leicester",#LEISOU,,,,,,,,,
22,MUN,Manchester United,11-01-20,14:00:00,NOR,Norwich City,"Old Trafford, Manchester",#MUNNOR,,,,,,,,,
22,SUN,Sheffield United,11-01-20,14:00:00,WHU,West Ham United,"Bramall Lane, Sheffield",#SUNWHU,,,,,,,,,
22,TOT,Tottenham Hotspur,11-01-20,14:00:00,LIV,Liverpool,"Tottenham Hotspur Stadium, London",#TOTLIV,,,,,,,,,
22,WOL,Wolverhampton Wanderers,11-01-20,14:00:00,NEW,Newcastle United,"Molineux Stadium, Wolverhampton",#WOLNEW,,,,,,,,,
23,ARS,Arsenal,18-01-20,14:00:00,SUN,Sheffield United,"Emirates Stadium, London",#ARSSUN,,,,,,,,,
23,BHA,Brighton and Hove Albion,18-01-20,14:00:00,VIL,Aston Villa,"Amex Stadium, Falmer",#BHAVIL,,,,,,,,,
23,BUR,Burnley,18-01-20,14:00:00,LEI,Leicester City,"Turf Moor, Burnley",#BURLEI,,,,,,,,,
23,LIV,Liverpool,18-01-20,14:00:00,MUN,Manchester United,"Anfield, Liverpool",#LIVMUN,,,,,,,,,
23,MCI,Manchester City,18-01-20,14:00:00,CRY,Crystal Palace,"Etihad Stadium, Manchester",#MCICRY,,,,,,,,,
23,NEW,Newcastle United,18-01-20,14:00:00,CHE,Chelsea,"St. James' Park, Newcastle",#NEWCHE,,,,,,,,,
23,NOR,Norwich City,18-01-20,14:00:00,BOU,AFC Bournemouth,"Carrow Road, Norwich",#NORBOU,,,,,,,,,
23,SOU,Southampton,18-01-20,14:00:00,WOL,Wolverhampton Wanderers,"St. Mary's Stadium, Southampton",#SOUWOL,,,,,,,,,
23,WAT,Watford,18-01-20,14:00:00,TOT,Tottenham Hotspur,"Vicarage Road, Watford",#WATTOT,,,,,,,,,
23,WHU,West Ham United,18-01-20,14:00:00,EVE,Everton,"London Stadium, London",#WHUEVE,,,,,,,,,
24,VIL,Aston Villa,21-01-20,18:45:00,WAT,Watford,"Villa Park, Birmingham",#VILWAT,,,,,,,,,
24,BOU,AFC Bournemouth,21-01-20,18:45:00,BHA,Brighton and Hove Albion,"Vitality Stadium, Bournemouth",#BOUBHA,,,,,,,,,
24,EVE,Everton,21-01-20,18:45:00,NEW,Newcastle United,"Goodison Park, Liverpool",#EVENEW,,,,,,,,,
24,LEI,Leicester City,21-01-20,18:45:00,WHU,West Ham United,"King Power Stadium, Leicester",#LEIWHU,,,,,,,,,
24,MUN,Manchester United,21-01-20,19:00:00,BUR,Burnley,"Old Trafford, Manchester",#MUNBUR,,,,,,,,,
24,SUN,Sheffield United,21-01-20,18:45:00,MCI,Manchester City,"Bramall Lane, Sheffield",#SUNMCI,,,,,,,,,
24,WOL,Wolverhampton Wanderers,21-01-20,18:45:00,LIV,Liverpool,"Molineux Stadium, Wolverhampton",#WOLLIV,,,,,,,,,
24,CHE,Chelsea,22-01-20,18:45:00,ARS,Arsenal,"Stamford Bridge, London",#CHEARS,,,,,,,,,
24,CRY,Crystal Palace,22-01-20,19:00:00,SOU,Southampton,"Selhurst Park, London",#CRYSOU,,,,,,,,,
24,TOT,Tottenham Hotspur,22-01-20,18:45:00,NOR,Norwich City,"Tottenham Hotspur Stadium, London",#TOTNOR,,,,,,,,,
25,BOU,AFC Bournemouth,01-02-20,14:00:00,VIL,Aston Villa,"Vitality Stadium, Bournemouth",#BOUVIL,,,,,,,,,
25,BUR,Burnley,01-02-20,14:00:00,ARS,Arsenal,"Turf Moor, Burnley",#BURARS,,,,,,,,,
25,CRY,Crystal Palace,01-02-20,14:00:00,SUN,Sheffield United,"Selhurst Park, London",#CRYSUN,,,,,,,,,
25,LEI,Leicester City,01-02-20,14:00:00,CHE,Chelsea,"King Power Stadium, Leicester",#LEICHE,,,,,,,,,
25,LIV,Liverpool,01-02-20,14:00:00,SOU,Southampton,"Anfield, Liverpool",#LIVSOU,,,,,,,,,
25,MUN,Manchester United,01-02-20,14:00:00,WOL,Wolverhampton Wanderers,"Old Trafford, Manchester",#MUNWOL,,,,,,,,,
25,NEW,Newcastle United,01-02-20,14:00:00,NOR,Norwich City,"St. James' Park, Newcastle",#NEWNOR,,,,,,,,,
25,TOT,Tottenham Hotspur,01-02-20,14:00:00,MCI,Manchester City,"Tottenham Hotspur Stadium, London",#TOTMCI,,,,,,,,,
25,WAT,Watford,01-02-20,14:00:00,EVE,Everton,"Vicarage Road, Watford",#WATEVE,,,,,,,,,
25,WHU,West Ham United,01-02-20,14:00:00,BHA,Brighton and Hove Albion,"London Stadium, London",#WHUBHA,,,,,,,,,
26,ARS,Arsenal,08-02-20,14:00:00,NEW,Newcastle United,"Emirates Stadium, London",#ARSNEW,,,,,,,,,
26,VIL,Aston Villa,08-02-20,14:00:00,TOT,Tottenham Hotspur,"Villa Park, Birmingham",#VILTOT,,,,,,,,,
26,BHA,Brighton and Hove Albion,08-02-20,14:00:00,WAT,Watford,"Amex Stadium, Falmer",#BHAWAT,,,,,,,,,
26,CHE,Chelsea,08-02-20,14:00:00,MUN,Manchester United,"Stamford Bridge, London",#CHEMUN,,,,,,,,,
26,EVE,Everton,08-02-20,14:00:00,CRY,Crystal Palace,"Goodison Park, Liverpool",#EVECRY,,,,,,,,,
26,MCI,Manchester City,08-02-20,14:00:00,WHU,West Ham United,"Etihad Stadium, Manchester",#MCIWHU,,,,,,,,,
26,NOR,Norwich City,08-02-20,14:00:00,LIV,Liverpool,"Carrow Road, Norwich",#NORLIV,,,,,,,,,
26,SUN,Sheffield United,08-02-20,14:00:00,BOU,AFC Bournemouth,"Bramall Lane, Sheffield",#SUNBOU,,,,,,,,,
26,SOU,Southampton,08-02-20,14:00:00,BUR,Burnley,"St. Mary's Stadium, Southampton",#SOUBUR,,,,,,,,,
26,WOL,Wolverhampton Wanderers,08-02-20,14:00:00,LEI,Leicester City,"Molineux Stadium, Wolverhampton",#WOLLEI,,,,,,,,,
27,ARS,Arsenal,22-02-20,14:00:00,EVE,Everton,"Emirates Stadium, London",#ARSEVE,,,,,,,,,
27,BUR,Burnley,22-02-20,14:00:00,BOU,AFC Bournemouth,"Turf Moor, Burnley",#BURBOU,,,,,,,,,
27,CHE,Chelsea,22-02-20,14:00:00,TOT,Tottenham Hotspur,"Stamford Bridge, London",#CHETOT,,,,,,,,,
27,CRY,Crystal Palace,22-02-20,14:00:00,NEW,Newcastle United,"Selhurst Park, London",#CRYNEW,,,,,,,,,
27,LEI,Leicester City,22-02-20,14:00:00,MCI,Manchester City,"King Power Stadium, Leicester",#LEIMCI,,,,,,,,,
27,LIV,Liverpool,22-02-20,14:00:00,WHU,West Ham United,"Anfield, Liverpool",#LIVWHU,,,,,,,,,
27,MUN,Manchester United,22-02-20,14:00:00,WAT,Watford,"Old Trafford, Manchester",#MUNWAT,,,,,,,,,
27,SUN,Sheffield United,22-02-20,14:00:00,BHA,Brighton and Hove Albion,"Bramall Lane, Sheffield",#SUNBHA,,,,,,,,,
27,SOU,Southampton,22-02-20,14:00:00,VIL,Aston Villa,"St. Mary's Stadium, Southampton",#SOUVIL,,,,,,,,,
27,WOL,Wolverhampton Wanderers,22-02-20,14:00:00,NOR,Norwich City,"Molineux Stadium, Wolverhampton",#WOLNOR,,,,,,,,,
28,VIL,Aston Villa,29-02-20,14:00:00,SUN,Sheffield United,"Villa Park, Birmingham",#VILSUN,,,,,,,,,
28,BOU,AFC Bournemouth,29-02-20,14:00:00,CHE,Chelsea,"Vitality Stadium, Bournemouth",#BOUCHE,,,,,,,,,
28,BHA,Brighton and Hove Albion,29-02-20,14:00:00,CRY,Crystal Palace,"Amex Stadium, Falmer",#BHACRY,,,,,,,,,
28,EVE,Everton,29-02-20,14:00:00,MUN,Manchester United,"Goodison Park, Liverpool",#EVEMUN,,,,,,,,,
28,MCI,Manchester City,29-02-20,14:00:00,ARS,Arsenal,"Etihad Stadium, Manchester",#MCIARS,,,,,,,,,
28,NEW,Newcastle United,29-02-20,14:00:00,BUR,Burnley,"St. James' Park, Newcastle",#NEWBUR,,,,,,,,,
28,NOR,Norwich City,29-02-20,14:00:00,LEI,Leicester City,"Carrow Road, Norwich",#NORLEI,,,,,,,,,
28,TOT,Tottenham Hotspur,29-02-20,14:00:00,WOL,Wolverhampton Wanderers,"Tottenham Hotspur Stadium, London",#TOTWOL,,,,,,,,,
28,WAT,Watford,29-02-20,14:00:00,LIV,Liverpool,"Vicarage Road, Watford",#WATLIV,,,,,,,,,
28,WHU,West Ham United,29-02-20,14:00:00,SOU,Southampton,"London Stadium, London",#WHUSOU,,,,,,,,,
29,ARS,Arsenal,07-03-20,14:00:00,WHU,West Ham United,"Emirates Stadium, London",#ARSWHU,,,,,,,,,
29,BUR,Burnley,07-03-20,14:00:00,TOT,Tottenham Hotspur,"Turf Moor, Burnley",#BURTOT,,,,,,,,,
29,CHE,Chelsea,07-03-20,14:00:00,EVE,Everton,"Stamford Bridge, London",#CHEEVE,,,,,,,,,
29,CRY,Crystal Palace,07-03-20,14:00:00,WAT,Watford,"Selhurst Park, London",#CRYWAT,,,,,,,,,
29,LEI,Leicester City,07-03-20,14:00:00,VIL,Aston Villa,"King Power Stadium, Leicester",#LEIVIL,,,,,,,,,
29,LIV,Liverpool,07-03-20,14:00:00,BOU,AFC Bournemouth,"Anfield, Liverpool",#LIVBOU,,,,,,,,,
29,MUN,Manchester United,07-03-20,14:00:00,MCI,Manchester City,"Old Trafford, Manchester",#MUNMCI,,,,,,,,,
29,SUN,Sheffield United,07-03-20,14:00:00,NOR,Norwich City,"Bramall Lane, Sheffield",#SUNNOR,,,,,,,,,
29,SOU,Southampton,07-03-20,14:00:00,NEW,Newcastle United,"St. Mary's Stadium, Southampton",#SOUNEW,,,,,,,,,
29,WOL,Wolverhampton Wanderers,07-03-20,14:00:00,BHA,Brighton and Hove Albion,"Molineux Stadium, Wolverhampton",#WOLBHA,,,,,,,,,
30,VIL,Aston Villa,14-03-20,14:00:00,CHE,Chelsea,"Villa Park, Birmingham",#VILCHE,,,,,,,,,
30,BOU,AFC Bournemouth,14-03-20,14:00:00,CRY,Crystal Palace,"Vitality Stadium, Bournemouth",#BOUCRY,,,,,,,,,
30,BHA,Brighton and Hove Albion,14-03-20,14:00:00,ARS,Arsenal,"Amex Stadium, Falmer",#BHAARS,,,,,,,,,
30,EVE,Everton,14-03-20,14:00:00,LIV,Liverpool,"Goodison Park, Liverpool",#EVELIV,,,,,,,,,
30,MCI,Manchester City,14-03-20,14:00:00,BUR,Burnley,"Etihad Stadium, Manchester",#MCIBUR,,,,,,,,,
30,NEW,Newcastle United,14-03-20,14:00:00,SUN,Sheffield United,"St. James' Park, Newcastle",#NEWSUN,,,,,,,,,
30,NOR,Norwich City,14-03-20,14:00:00,SOU,Southampton,"Carrow Road, Norwich",#NORSOU,,,,,,,,,
30,TOT,Tottenham Hotspur,14-03-20,14:00:00,MUN,Manchester United,"Tottenham Hotspur Stadium, London",#TOTMUN,,,,,,,,,
30,WAT,Watford,14-03-20,14:00:00,LEI,Leicester City,"Vicarage Road, Watford",#WATLEI,,,,,,,,,
30,WHU,West Ham United,14-03-20,14:00:00,WOL,Wolverhampton Wanderers,"London Stadium, London",#WHUWOL,,,,,,,,,
31,BUR,Burnley,21-03-20,14:00:00,WAT,Watford,"Turf Moor, Burnley",#BURWAT,,,,,,,,,
31,CHE,Chelsea,21-03-20,14:00:00,MCI,Manchester City,"Stamford Bridge, London",#CHEMCI,,,,,,,,,
31,LEI,Leicester City,21-03-20,14:00:00,BHA,Brighton and Hove Albion,"King Power Stadium, Leicester",#LEIBHA,,,,,,,,,
31,LIV,Liverpool,21-03-20,14:00:00,CRY,Crystal Palace,"Anfield, Liverpool",#LIVCRY,,,,,,,,,
31,MUN,Manchester United,21-03-20,14:00:00,SUN,Sheffield United,"Old Trafford, Manchester",#MUNSUN,,,,,,,,,
31,NEW,Newcastle United,21-03-20,14:00:00,VIL,Aston Villa,"St. James' Park, Newcastle",#NEWVIL,,,,,,,,,
31,NOR,Norwich City,21-03-20,14:00:00,EVE,Everton,"Carrow Road, Norwich",#NOREVE,,,,,,,,,
31,SOU,Southampton,21-03-20,14:00:00,ARS,Arsenal,"St. Mary's Stadium, Southampton",#SOUARS,,,,,,,,,
31,TOT,Tottenham Hotspur,21-03-20,14:00:00,WHU,West Ham United,"Tottenham Hotspur Stadium, London",#TOTWHU,,,,,,,,,
31,WOL,Wolverhampton Wanderers,21-03-20,14:00:00,BOU,AFC Bournemouth,"Molineux Stadium, Wolverhampton",#WOLBOU,,,,,,,,,
32,ARS,Arsenal,04-04-20,15:00:00,NOR,Norwich City,"Emirates Stadium, London",#ARSNOR,,,,,,,,,
32,VIL,Aston Villa,04-04-20,15:00:00,WOL,Wolverhampton Wanderers,"Villa Park, Birmingham",#VILWOL,,,,,,,,,
32,BOU,AFC Bournemouth,04-04-20,15:00:00,NEW,Newcastle United,"Vitality Stadium, Bournemouth",#BOUNEW,,,,,,,,,
32,BHA,Brighton and Hove Albion,04-04-20,15:00:00,MUN,Manchester United,"Amex Stadium, Falmer",#BHAMUN,,,,,,,,,
32,CRY,Crystal Palace,04-04-20,15:00:00,BUR,Burnley,"Selhurst Park, London",#CRYBUR,,,,,,,,,
32,EVE,Everton,04-04-20,15:00:00,LEI,Leicester City,"Goodison Park, Liverpool",#EVELEI,,,,,,,,,
32,MCI,Manchester City,04-04-20,15:00:00,LIV,Liverpool,"Etihad Stadium, Manchester",#MCILIV,,,,,,,,,
32,SUN,Sheffield United,04-04-20,15:00:00,TOT,Tottenham Hotspur,"Bramall Lane, Sheffield",#SUNTOT,,,,,,,,,
32,WAT,Watford,04-04-20,15:00:00,SOU,Southampton,"Vicarage Road, Watford",#WATSOU,,,,,,,,,
32,WHU,West Ham United,04-04-20,15:00:00,CHE,Chelsea,"London Stadium, London",#WHUCHE,,,,,,,,,
33,BUR,Burnley,11-04-20,15:00:00,SUN,Sheffield United,"Turf Moor, Burnley",#BURSUN,,,,,,,,,
33,CHE,Chelsea,11-04-20,15:00:00,WAT,Watford,"Stamford Bridge, London",#CHEWAT,,,,,,,,,
33,LEI,Leicester City,11-04-20,15:00:00,CRY,Crystal Palace,"King Power Stadium, Leicester",#LEICRY,,,,,,,,,
33,LIV,Liverpool,11-04-20,15:00:00,VIL,Aston Villa,"Anfield, Liverpool",#LIVVIL,,,,,,,,,
33,MUN,Manchester United,11-04-20,15:00:00,BOU,AFC Bournemouth,"Old Trafford, Manchester",#MUNBOU,,,,,,,,,
33,NEW,Newcastle United,11-04-20,15:00:00,WHU,West Ham United,"St. James' Park, Newcastle",#NEWWHU,,,,,,,,,
33,NOR,Norwich City,11-04-20,15:00:00,BHA,Brighton and Hove Albion,"Carrow Road, Norwich",#NORBHA,,,,,,,,,
33,SOU,Southampton,11-04-20,15:00:00,MCI,Manchester City,"St. Mary's Stadium, Southampton",#SOUMCI,,,,,,,,,
33,TOT,Tottenham Hotspur,11-04-20,15:00:00,EVE,Everton,"Tottenham Hotspur Stadium, London",#TOTEVE,,,,,,,,,
33,WOL,Wolverhampton Wanderers,11-04-20,15:00:00,ARS,Arsenal,"Molineux Stadium, Wolverhampton",#WOLARS,,,,,,,,,
34,ARS,Arsenal,18-04-20,15:00:00,LEI,Leicester City,"Emirates Stadium, London",#ARSLEI,,,,,,,,,
34,VIL,Aston Villa,18-04-20,15:00:00,MUN,Manchester United,"Villa Park, Birmingham",#VILMUN,,,,,,,,,
34,BOU,AFC Bournemouth,18-04-20,15:00:00,TOT,Tottenham Hotspur,"Vitality Stadium, Bournemouth",#BOUTOT,,,,,,,,,
34,BHA,Brighton and Hove Albion,18-04-20,15:00:00,LIV,Liverpool,"Amex Stadium, Falmer",#BHALIV,,,,,,,,,
34,CRY,Crystal Palace,18-04-20,15:00:00,CHE,Chelsea,"Selhurst Park, London",#CRYCHE,,,,,,,,,
34,EVE,Everton,18-04-20,15:00:00,SOU,Southampton,"Goodison Park, Liverpool",#EVESOU,,,,,,,,,
34,MCI,Manchester City,18-04-20,15:00:00,NEW,Newcastle United,"Etihad Stadium, Manchester",#MCINEW,,,,,,,,,
34,SUN,Sheffield United,18-04-20,15:00:00,WOL,Wolverhampton Wanderers,"Bramall Lane, Sheffield",#SUNWOL,,,,,,,,,
34,WAT,Watford,18-04-20,15:00:00,NOR,Norwich City,"Vicarage Road, Watford",#WATNOR,,,,,,,,,
34,WHU,West Ham United,18-04-20,15:00:00,BUR,Burnley,"London Stadium, London",#WHUBUR,,,,,,,,,
35,VIL,Aston Villa,25-04-20,15:00:00,CRY,Crystal Palace,"Villa Park, Birmingham",#VILCRY,,,,,,,,,
35,BOU,AFC Bournemouth,25-04-20,15:00:00,LEI,Leicester City,"Vitality Stadium, Bournemouth",#BOULEI,,,,,,,,,
35,BHA,Brighton and Hove Albion,25-04-20,15:00:00,MCI,Manchester City,"Amex Stadium, Falmer",#BHAMCI,,,,,,,,,
35,LIV,Liverpool,25-04-20,15:00:00,BUR,Burnley,"Anfield, Liverpool",#LIVBUR,,,,,,,,,
35,MUN,Manchester United,25-04-20,15:00:00,SOU,Southampton,"Old Trafford, Manchester",#MUNSOU,,,,,,,,,
35,NOR,Norwich City,25-04-20,15:00:00,WHU,West Ham United,"Carrow Road, Norwich",#NORWHU,,,,,,,,,
35,SUN,Sheffield United,25-04-20,15:00:00,CHE,Chelsea,"Bramall Lane, Sheffield",#SUNCHE,,,,,,,,,
35,TOT,Tottenham Hotspur,25-04-20,15:00:00,ARS,Arsenal,"Tottenham Hotspur Stadium, London",#TOTARS,,,,,,,,,
35,WAT,Watford,25-04-20,15:00:00,NEW,Newcastle United,"Vicarage Road, Watford",#WATNEW,,,,,,,,,
35,WOL,Wolverhampton Wanderers,25-04-20,15:00:00,EVE,Everton,"Molineux Stadium, Wolverhampton",#WOLEVE,,,,,,,,,
36,ARS,Arsenal,02-05-20,15:00:00,LIV,Liverpool,"Emirates Stadium, London",#ARSLIV,,,,,,,,,
36,BUR,Burnley,02-05-20,15:00:00,WOL,Wolverhampton Wanderers,"Turf Moor, Burnley",#BURWOL,,,,,,,,,
36,CHE,Chelsea,02-05-20,15:00:00,NOR,Norwich City,"Stamford Bridge, London",#CHENOR,,,,,,,,,
36,CRY,Crystal Palace,02-05-20,15:00:00,MUN,Manchester United,"Selhurst Park, London",#CRYMUN,,,,,,,,,
36,EVE,Everton,02-05-20,15:00:00,VIL,Aston Villa,"Goodison Park, Liverpool",#EVEVIL,,,,,,,,,
36,LEI,Leicester City,02-05-20,15:00:00,SUN,Sheffield United,"King Power Stadium, Leicester",#LEISUN,,,,,,,,,
36,MCI,Manchester City,02-05-20,15:00:00,BOU,AFC Bournemouth,"Etihad Stadium, Manchester",#MCIBOU,,,,,,,,,
36,NEW,Newcastle United,02-05-20,15:00:00,TOT,Tottenham Hotspur,"St. James' Park, Newcastle",#NEWTOT,,,,,,,,,
36,SOU,Southampton,02-05-20,15:00:00,BHA,Brighton and Hove Albion,"St. Mary's Stadium, Southampton",#SOUBHA,,,,,,,,,
36,WHU,West Ham United,02-05-20,15:00:00,WAT,Watford,"London Stadium, London",#WHUWAT,,,,,,,,,
37,VIL,Aston Villa,09-05-20,15:00:00,ARS,Arsenal,"Villa Park, Birmingham",#VILARS,,,,,,,,,
37,BOU,AFC Bournemouth,09-05-20,15:00:00,SOU,Southampton,"Vitality Stadium, Bournemouth",#BOUSOU,,,,,,,,,
37,BHA,Brighton and Hove Albion,09-05-20,15:00:00,NEW,Newcastle United,"Amex Stadium, Falmer",#BHANEW,,,,,,,,,
37,LIV,Liverpool,09-05-20,15:00:00,CHE,Chelsea,"Anfield, Liverpool",#LIVCHE,,,,,,,,,
37,MUN,Manchester United,09-05-20,15:00:00,WHU,West Ham United,"Old Trafford, Manchester",#MUNWHU,,,,,,,,,
37,NOR,Norwich City,09-05-20,15:00:00,BUR,Burnley,"Carrow Road, Norwich",#NORBUR,,,,,,,,,
37,SUN,Sheffield United,09-05-20,15:00:00,EVE,Everton,"Bramall Lane, Sheffield",#SUNEVE,,,,,,,,,
37,TOT,Tottenham Hotspur,09-05-20,15:00:00,LEI,Leicester City,"Tottenham Hotspur Stadium, London",#TOTLEI,,,,,,,,,
37,WAT,Watford,09-05-20,15:00:00,MCI,Manchester City,"Vicarage Road, Watford",#WATMCI,,,,,,,,,
37,WOL,Wolverhampton Wanderers,09-05-20,15:00:00,CRY,Crystal Palace,"Molineux Stadium, Wolverhampton",#WOLCRY,,,,,,,,,
38,ARS,Arsenal,17-05-20,15:00:00,WAT,Watford,"Emirates Stadium, London",#ARSWAT,,,,,,,,,
38,BUR,Burnley,17-05-20,15:00:00,BHA,Brighton and Hove Albion,"Turf Moor, Burnley",#BURBHA,,,,,,,,,
38,CHE,Chelsea,17-05-20,15:00:00,WOL,Wolverhampton Wanderers,"Stamford Bridge, London",#CHEWOL,,,,,,,,,
38,CRY,Crystal Palace,17-05-20,15:00:00,TOT,Tottenham Hotspur,"Selhurst Park, London",#CRYTOT,,,,,,,,,
38,EVE,Everton,17-05-20,15:00:00,BOU,AFC Bournemouth,"Goodison Park, Liverpool",#EVEBOU,,,,,,,,,
38,LEI,Leicester City,17-05-20,15:00:00,MUN,Manchester United,"King Power Stadium, Leicester",#LEIMUN,,,,,,,,,
38,MCI,Manchester City,17-05-20,15:00:00,NOR,Norwich City,"Etihad Stadium, Manchester",#MCINOR,,,,,,,,,
38,NEW,Newcastle United,17-05-20,15:00:00,LIV,Liverpool,"St. James' Park, Newcastle",#NEWLIV,,,,,,,,,
38,SOU,Southampton,17-05-20,15:00:00,SUN,Sheffield United,"St. Mary's Stadium, Southampton",#SOUSUN,,,,,,,,,
38,WHU,West Ham United,17-05-20,15:00:00,VIL,Aston Villa,"London Stadium, London",#WHUVIL,,,,,,,,,
,,,,,,,,,,,,,,,,,
,,,,,,,,,,,,,,,,,
